snp-dists 0.6.3,ERR2173667,ERR2193140,ERR5639045,ISLHD_2019_09,ISLHD_2019_12,ISLHD_2019_13,ISLHD_2019_17,SG19_298_Sal,SIML_2017_13,SRR10302551,SRR10799805,SRR10900174,SRR1202986,SRR12168713,SRR12251280,SRR12323756,SRR12362761,SRR12995211,SRR13370988,SRR13377290,SRR13403796,SRR13430547,SRR14143690,SRR14143755,SRR14144986,SRR14255524,SRR14334838,SRR14347851,SRR14897813,SRR15096274,SRR15096549,SRR15299848,SRR15300017,SRR15369634,SRR16641485,SRR1965714,SRR1968955,SRR1969362,SRR3185118,SRR4449985,SRR4774220,SRR4774256,SRR5583181,SRR6310288,SRR6330606,SRR7157819,SRR7157827,SRR7251084,SRR7257326,SRR7274986,SRR7277795,SRR7277801,SRR7278076,SRR7292872,SRR7292963,SRR7298405,SRR7299103,SRR7349169,SRR7351354,SRR7351456,SRR7351520,SRR7401838,SRR7414974,SRR7416357,SRR7426620,SRR7426887,SRR7426956,SRR7444218,SRR7451048,SRR7451162,SRR7457931,SRR7458213,SRR7458569,SRR7468919,SRR7475467,SRR7480355,SRR7480358,SRR7480448,SRR7523611,SRR7523664,SRR7528149,SRR7528150,SRR7850524,SRR7884502,SRR7885242,SRR7911490,SRR7998201,SRR8142798,SRR8293794,SRR8293799,SRR8366145,SRR8429904,SRR8499323,SRR8514761,SRR8524687,SRR8585171,SRR8648227,SRR8701093,SRR8740777,SRR9274357,SRR9626915,W_1_D11,W_1_F11
ERR2173667,0,36,20,99,86,105,38,117,81,36,40,32,32,31,32,32,34,30,39,39,35,47,36,38,33,27,36,31,39,34,32,45,31,22,37,25,24,44,42,25,78,44,29,40,40,29,39,27,92,19,38,25,19,29,34,29,30,34,25,25,26,31,27,24,29,53,35,36,37,21,31,47,38,37,44,23,32,42,39,20,34,37,33,47,24,32,25,29,28,29,42,22,23,31,43,34,36,37,31,32,34,99,33
ERR2193140,36,0,32,119,88,97,30,111,85,30,24,26,22,23,24,24,26,22,33,27,37,43,30,30,25,33,28,23,25,26,34,39,25,18,29,27,36,36,26,35,74,34,37,22,34,19,31,37,90,29,30,31,23,21,44,31,32,28,35,29,20,25,35,18,31,49,29,14,31,35,25,27,24,31,24,27,24,34,21,40,26,35,25,53,32,22,31,13,22,21,34,42,27,25,35,24,28,27,21,26,24,119,35
ERR5639045,20,32,0,97,84,103,36,115,79,34,24,30,30,35,36,36,38,34,37,35,31,45,34,34,29,25,32,35,35,30,26,51,37,18,33,31,30,42,32,15,68,34,27,28,38,27,37,23,84,23,36,13,25,35,32,35,44,32,33,31,32,29,33,30,35,51,41,32,35,23,37,39,34,35,40,43,28,38,43,34,38,33,29,53,30,38,29,19,34,33,38,36,39,37,39,38,42,35,37,38,36,97,27
ISLHD_2019_09,99,119,97,0,93,42,105,126,90,105,109,101,101,108,109,109,111,107,114,108,102,114,105,107,102,94,105,108,116,103,99,120,98,107,106,102,101,111,109,94,153,113,104,109,109,104,102,96,173,104,107,94,104,112,101,106,115,103,104,102,111,108,110,109,106,128,112,113,114,98,108,124,107,100,121,114,101,111,124,105,111,114,102,124,107,117,108,114,105,106,111,115,110,108,112,109,113,104,108,109,111,8,110
ISLHD_2019_12,86,88,84,93,0,81,72,95,5,72,78,70,70,77,76,78,78,76,81,77,77,81,74,76,71,81,74,75,85,72,84,89,67,94,75,69,70,80,74,79,138,80,85,78,78,73,71,83,160,87,74,81,73,79,86,75,84,72,71,71,80,77,91,78,75,91,79,80,79,83,77,93,76,67,86,81,70,80,93,92,78,79,71,111,88,82,89,83,74,75,80,102,79,77,79,76,82,71,77,78,80,93,95
ISLHD_2019_13,105,97,103,42,81,0,83,104,78,83,87,79,79,86,87,87,89,85,102,86,98,102,83,85,80,90,83,86,94,81,95,98,76,103,84,90,89,89,97,100,149,101,110,87,87,82,80,92,179,100,85,100,92,90,97,84,93,81,92,90,89,86,116,87,84,116,90,91,92,104,86,102,85,78,99,92,79,89,102,101,89,102,80,120,113,95,114,92,83,84,89,121,88,86,90,87,91,82,86,87,89,42,106
ISLHD_2019_17,38,30,36,105,72,83,0,97,71,16,20,12,18,19,20,20,20,18,35,19,29,33,16,18,13,23,16,19,27,14,28,41,19,36,17,23,22,22,28,31,82,34,41,20,20,15,19,25,112,33,18,33,25,23,30,17,26,14,25,23,22,19,47,20,17,47,23,22,23,35,19,35,18,15,32,25,12,22,35,34,22,33,13,53,44,26,45,25,16,17,22,54,21,19,21,18,24,13,19,8,22,105,39
SG19_298_Sal,117,111,115,126,95,104,97,0,90,95,99,91,93,98,99,99,101,97,116,98,112,116,95,97,92,104,95,98,106,93,109,110,88,115,96,102,101,103,111,112,163,113,124,99,99,96,92,104,191,112,97,112,104,104,111,96,105,93,104,102,101,98,130,99,96,130,102,103,104,116,98,114,97,90,111,104,91,101,114,113,101,114,92,132,127,107,128,104,95,96,101,133,100,98,102,101,103,96,98,99,101,126,118
SIML_2017_13,81,85,79,90,5,78,71,90,0,69,73,65,67,72,71,73,75,71,80,72,76,80,69,71,66,78,69,72,80,67,81,84,62,89,70,66,65,77,73,76,135,77,86,73,73,70,66,78,155,84,71,76,68,78,85,70,79,67,66,66,75,72,92,73,70,92,76,77,78,80,72,88,71,64,83,76,65,75,88,87,75,76,66,106,89,79,90,78,69,70,75,97,74,72,76,75,77,70,72,73,75,90,90
SRR10302551,36,30,34,105,72,83,16,95,69,0,18,10,18,17,18,18,20,16,33,17,31,35,14,16,11,23,14,15,25,12,28,39,17,34,15,17,20,22,30,31,82,30,41,18,18,15,17,23,110,29,14,31,19,21,28,15,24,12,23,19,20,15,47,12,15,43,19,22,21,35,17,33,16,15,28,23,10,20,33,32,18,33,11,51,44,26,45,23,14,15,20,52,19,17,21,20,22,11,11,18,20,105,37
SRR10799805,40,24,24,109,78,87,20,99,73,18,0,14,22,19,20,20,22,18,39,19,33,39,18,18,13,27,16,19,27,14,28,43,21,28,17,25,24,26,26,27,78,28,47,12,22,19,21,25,104,33,20,25,27,27,34,19,28,16,27,25,24,21,53,22,19,53,25,16,27,35,21,19,18,19,24,27,12,22,35,36,22,35,13,55,50,30,49,13,18,17,22,56,23,21,23,22,26,19,21,22,20,109,37
SRR10900174,32,26,30,101,70,79,12,91,65,10,14,0,14,13,14,14,16,12,31,13,27,31,10,12,7,19,10,13,21,8,24,35,13,30,11,17,16,18,26,27,78,28,39,14,14,11,13,19,106,27,8,27,19,19,26,11,20,8,19,17,16,13,45,14,11,45,17,18,19,31,13,29,12,11,26,19,6,16,29,28,16,29,7,47,42,22,43,19,10,11,16,48,15,9,17,16,18,11,13,14,16,101,33
SRR1202986,32,22,30,101,70,79,18,93,67,18,22,14,0,21,22,22,24,20,27,21,31,35,18,20,15,25,18,21,21,16,30,29,15,30,19,23,24,24,32,35,76,36,35,22,22,7,13,27,104,27,18,35,19,17,32,19,28,16,27,25,16,13,41,14,19,43,25,26,19,39,21,37,18,13,32,27,14,24,29,36,24,29,15,53,38,22,39,19,18,19,24,48,23,21,25,22,26,15,21,22,24,101,31
SRR12168713,31,23,35,108,77,86,19,98,72,17,19,13,21,0,1,1,3,1,38,18,32,38,17,17,12,26,7,2,26,5,29,34,12,27,8,16,23,25,31,32,83,33,46,19,21,18,20,24,107,24,19,32,18,18,33,18,19,15,26,16,15,20,44,13,18,52,16,15,26,28,12,26,17,18,23,18,11,21,26,27,13,34,12,46,41,21,40,16,9,8,21,47,14,12,22,13,17,18,12,13,13,108,38
SRR12251280,32,24,36,109,76,87,20,99,71,18,20,14,22,1,0,2,4,2,39,19,33,39,18,18,13,27,8,3,27,6,28,35,13,28,9,17,24,26,30,33,82,34,45,20,22,19,21,25,108,23,20,33,19,19,34,19,20,16,25,17,16,21,43,14,19,51,17,16,27,29,13,27,18,19,22,17,12,22,27,28,14,33,13,47,40,20,39,17,10,9,22,48,15,13,23,14,18,19,13,14,14,109,37
SRR12323756,32,24,36,109,78,87,20,99,73,18,20,14,22,1,2,0,2,2,39,19,33,39,18,18,13,27,8,3,27,6,30,35,13,28,9,17,24,26,32,33,84,34,47,20,22,19,21,25,108,25,20,33,19,19,34,19,20,16,27,17,16,21,45,14,19,53,17,16,27,29,13,27,18,19,24,19,12,22,27,28,14,35,13,47,42,22,41,17,10,9,22,48,15,13,23,14,18,19,13,14,14,109,39
SRR12362761,34,26,38,111,78,89,20,101,75,20,22,16,24,3,4,2,0,4,41,19,31,37,20,20,15,27,10,5,29,8,30,37,15,30,11,19,26,28,30,31,86,36,45,22,24,19,23,27,110,27,22,35,21,21,34,21,22,16,29,19,18,23,43,16,21,53,19,16,25,29,13,29,18,17,26,21,14,24,27,30,16,35,15,49,40,22,39,19,12,11,24,48,17,15,21,14,20,17,15,16,16,111,39
SRR12995211,30,22,34,107,76,85,18,97,71,16,18,12,20,1,2,2,4,0,37,17,31,37,16,16,11,25,6,1,25,4,28,33,11,26,7,15,22,24,30,31,82,32,45,18,20,17,19,23,106,23,18,31,17,17,32,17,18,14,25,15,14,19,43,12,17,51,15,14,25,27,11,25,16,17,22,17,10,20,25,26,12,33,11,45,40,20,39,15,8,7,20,46,13,11,21,12,16,17,11,12,12,107,37
SRR13370988,39,33,37,114,81,102,35,116,80,33,39,31,27,38,39,39,41,37,0,38,48,42,35,37,32,42,35,36,30,33,47,52,38,47,36,26,31,41,31,42,85,33,32,39,25,24,36,44,105,42,31,42,26,32,47,36,45,31,32,32,31,28,38,31,36,42,26,43,32,46,38,54,35,36,47,42,31,39,40,53,39,36,32,70,35,39,36,36,35,36,41,47,40,38,42,39,41,32,38,39,41,114,48
SRR13377290,39,27,35,108,77,86,19,98,72,17,19,13,21,18,19,19,19,17,38,0,26,32,17,15,10,20,15,18,26,13,23,42,20,31,16,24,23,25,25,26,83,33,40,19,21,16,20,24,107,32,19,28,26,26,31,18,27,13,22,24,23,20,46,21,18,52,24,19,24,32,18,30,9,16,31,22,9,19,26,35,21,30,10,50,43,25,40,24,17,14,19,49,22,20,20,19,25,16,16,21,21,108,32
SRR13403796,35,37,31,102,77,98,29,112,76,31,33,27,31,32,33,33,31,31,48,26,0,40,31,31,26,14,29,32,40,27,17,56,34,27,30,36,37,37,35,20,77,47,30,33,35,26,32,20,101,28,31,24,40,38,25,32,41,27,36,38,37,34,36,35,32,62,38,31,36,26,32,44,23,28,43,36,25,35,42,31,35,42,26,44,33,37,32,38,31,30,35,45,36,34,32,31,39,24,30,35,35,102,26
SRR13430547,47,43,45,114,81,102,33,116,80,35,39,31,35,38,39,39,37,37,42,32,40,0,35,37,32,36,35,38,46,33,41,60,38,51,36,30,31,41,31,34,101,43,42,39,39,30,36,44,115,52,35,38,34,36,47,36,45,31,30,32,41,38,48,39,36,56,42,37,40,40,30,50,29,32,49,40,31,41,48,53,41,38,32,66,45,41,46,44,35,36,41,57,40,38,38,37,43,28,34,39,41,114,50
SRR14143690,36,30,34,105,74,83,16,95,69,14,18,10,18,17,18,18,20,16,35,17,31,35,0,16,11,23,14,17,25,12,28,39,17,34,15,21,20,22,30,31,82,32,43,18,18,15,17,23,110,31,16,31,23,23,30,15,24,12,23,21,20,17,49,18,15,49,21,22,23,35,17,33,16,15,30,23,10,20,33,32,20,33,11,51,46,26,47,23,14,15,20,52,19,17,21,20,22,15,17,18,20,105,37
SRR14143755,38,30,34,107,76,85,18,97,71,16,18,12,20,17,18,18,20,16,37,15,31,37,16,0,7,25,14,17,25,12,28,41,19,34,15,23,22,24,30,31,82,32,45,18,20,17,19,23,110,31,18,31,25,25,32,17,26,14,25,23,22,19,51,20,17,51,23,22,25,35,19,33,12,17,30,25,8,16,29,34,20,33,9,53,48,28,43,23,16,11,18,54,21,19,21,16,24,17,19,20,20,107,37
SRR14144986,33,25,29,102,71,80,13,92,66,11,13,7,15,12,13,13,15,11,32,10,26,32,11,7,0,20,9,12,20,7,23,36,14,29,10,18,17,19,25,26,77,27,40,13,15,12,14,18,105,26,13,26,20,20,27,12,21,9,20,18,17,14,46,15,12,46,18,17,20,30,14,28,7,12,25,20,3,11,24,29,15,28,4,48,43,23,38,18,11,4,13,49,16,14,16,11,19,12,14,15,15,102,32
SRR14255524,27,33,25,94,81,90,23,104,78,23,27,19,25,26,27,27,27,25,42,20,14,36,23,25,20,0,23,26,34,21,11,48,26,21,24,30,29,29,31,16,71,41,26,27,27,20,26,14,97,22,25,18,32,30,17,24,33,19,28,30,29,26,32,27,24,56,30,27,30,22,24,38,19,22,39,28,19,29,36,23,29,38,20,38,29,31,30,32,23,24,29,37,28,26,28,27,31,20,22,27,29,94,22
SRR14334838,36,28,32,105,74,83,16,95,69,14,16,10,18,7,8,8,10,6,35,15,29,35,14,14,9,23,0,7,23,2,26,39,17,32,5,21,20,22,28,29,80,30,43,16,18,15,17,21,108,29,16,29,23,23,30,15,24,12,23,21,20,17,49,18,15,49,21,20,23,33,17,31,14,15,28,23,8,18,31,32,18,31,9,51,46,26,45,21,14,13,18,52,19,17,19,18,22,15,17,18,18,105,35
SRR14347851,31,23,35,108,75,86,19,98,72,15,19,13,21,2,3,3,5,1,36,18,32,38,17,17,12,26,7,0,26,5,29,34,12,27,8,14,23,25,31,32,83,31,44,19,21,18,20,24,107,22,17,32,18,16,31,18,19,15,26,16,15,20,42,13,18,50,14,15,24,28,12,26,17,18,21,18,11,21,26,27,11,34,12,46,39,21,38,16,9,8,21,47,14,12,22,13,17,18,12,13,13,108,38
SRR14897813,39,25,35,116,85,94,27,106,80,25,27,21,21,26,27,27,29,25,30,26,40,46,25,25,20,34,23,26,0,21,37,42,28,35,24,30,31,33,31,40,75,33,38,27,29,18,28,24,105,24,25,40,26,26,41,26,35,23,32,32,23,18,44,21,26,46,32,31,24,44,28,42,25,26,39,32,19,27,28,43,21,34,20,62,41,29,40,24,25,24,29,47,30,28,22,29,31,26,28,29,29,116,38
SRR15096274,34,26,30,103,72,81,14,93,67,12,14,8,16,5,6,6,8,4,33,13,27,33,12,12,7,21,2,5,21,0,24,37,15,30,3,19,18,20,26,27,78,28,41,14,16,13,15,19,106,27,14,27,21,21,28,13,22,10,21,19,18,15,47,16,13,47,19,18,21,31,15,29,12,13,26,21,6,16,29,30,16,29,7,49,44,24,43,19,12,11,16,50,17,15,17,16,20,13,15,16,16,103,33
SRR15096549,32,34,26,99,84,95,28,109,81,28,28,24,30,29,28,30,30,28,47,23,17,41,28,28,23,11,26,29,37,24,0,53,31,22,27,35,34,34,30,17,70,42,29,28,32,25,31,17,98,23,30,19,37,35,22,29,38,24,31,35,34,31,35,32,29,59,35,28,35,23,29,39,22,27,38,31,22,32,39,28,32,39,23,43,32,34,31,33,28,27,32,42,33,31,31,30,36,25,27,32,30,99,21
SRR15299848,45,39,51,120,89,98,41,110,84,39,43,35,29,34,35,35,37,33,52,42,56,60,39,41,36,48,39,34,42,37,53,0,22,43,40,38,45,47,55,56,99,57,60,43,43,32,36,48,123,40,41,56,32,32,55,40,41,37,48,38,29,34,58,27,40,66,38,39,40,52,34,50,41,34,47,40,35,45,42,49,37,50,36,68,55,35,56,32,31,32,45,61,36,34,46,37,39,40,34,35,37,120,54
SRR15300017,31,25,37,98,67,76,19,88,62,17,21,13,15,12,13,13,15,11,38,20,34,38,17,19,14,26,17,12,28,15,31,22,0,29,18,16,23,25,33,34,85,35,46,21,21,18,14,26,109,26,19,34,18,18,33,18,19,15,26,16,15,20,44,13,18,52,16,17,26,30,12,28,19,12,25,18,13,23,28,27,15,36,14,46,41,21,42,18,9,10,23,47,14,12,24,15,17,18,12,13,15,98,40
SRR15369634,22,18,18,107,94,103,36,115,89,34,28,30,30,27,28,28,30,26,47,31,27,51,34,34,29,21,32,27,35,30,22,43,29,0,33,33,40,42,38,21,68,44,33,26,38,27,37,23,80,15,36,13,27,27,32,35,36,32,39,33,24,29,31,22,35,61,33,14,35,21,29,31,30,35,30,31,28,38,31,26,30,39,29,41,28,26,27,17,26,25,38,34,31,29,39,30,34,35,25,30,28,107,23
SRR16641485,37,29,33,106,75,84,17,96,70,15,17,11,19,8,9,9,11,7,36,16,30,36,15,15,10,24,5,8,24,3,27,40,18,33,0,22,21,23,29,30,81,31,44,17,19,16,18,22,109,30,17,30,24,24,31,16,25,13,24,22,21,18,50,19,16,50,22,21,24,34,18,32,15,16,29,24,9,19,32,33,19,32,10,52,47,27,46,22,15,14,19,53,20,18,20,19,23,16,18,19,19,106,36
SRR1965714,25,27,31,102,69,90,23,102,66,17,25,17,23,16,17,17,19,15,26,24,36,30,21,23,18,30,21,14,30,19,35,38,16,33,22,0,17,29,25,28,87,25,34,25,25,20,22,30,101,28,17,28,10,20,35,22,23,19,18,8,19,20,32,15,22,42,18,21,26,24,16,32,21,22,25,20,17,25,32,31,17,30,18,48,29,25,30,22,13,14,27,39,18,16,28,19,21,18,14,17,19,102,42
SRR1968955,24,36,30,101,70,89,22,101,65,20,24,16,24,23,24,24,26,22,31,23,37,31,20,22,17,29,20,23,31,18,34,45,23,40,21,17,0,28,26,27,88,28,39,24,24,21,23,29,106,37,22,27,19,29,36,13,22,18,11,17,26,23,45,24,13,45,27,28,29,31,23,39,22,21,36,21,16,26,39,30,26,29,17,57,42,32,43,29,20,21,26,40,17,23,27,26,28,21,23,24,26,101,43
SRR1969362,44,36,42,111,80,89,22,103,77,22,26,18,24,25,26,26,28,24,41,25,37,41,22,24,19,29,22,25,33,20,34,47,25,42,23,29,28,0,36,39,88,40,43,26,26,21,25,31,118,39,24,39,31,29,36,23,32,20,31,29,28,25,49,26,23,55,29,30,31,43,25,41,24,23,38,31,18,28,41,40,28,41,19,59,46,34,53,31,22,23,28,60,27,25,29,26,30,21,25,26,28,111,45
SRR3185118,42,26,32,109,74,97,28,111,73,30,26,26,32,31,30,32,30,30,31,25,35,31,30,30,25,31,28,31,31,26,30,55,33,38,29,25,26,36,0,21,76,20,29,26,34,27,33,37,98,43,30,25,29,37,42,31,40,26,21,27,36,31,35,34,31,43,37,24,33,31,31,37,24,27,36,31,24,32,35,48,34,29,25,63,32,34,31,31,30,29,34,44,35,33,31,30,36,25,29,34,32,109,41
SRR4449985,25,35,15,94,79,100,31,112,76,31,27,27,35,32,33,33,31,31,42,26,20,34,31,31,26,16,29,32,40,27,17,56,34,21,30,28,27,39,21,0,73,31,24,27,35,30,34,20,87,28,33,8,30,40,27,32,41,27,26,28,37,34,30,35,32,54,38,25,36,14,32,38,25,28,39,36,25,35,42,31,35,32,26,46,27,37,26,32,31,30,35,35,36,34,32,33,39,28,30,35,33,94,26
SRR4774220,78,74,68,153,138,149,82,163,135,82,78,78,76,83,82,84,86,82,85,83,77,101,82,82,77,71,80,83,75,78,70,99,85,68,81,87,88,88,76,73,0,76,73,78,86,73,85,71,138,69,82,73,83,81,78,83,92,80,87,89,80,75,79,78,83,99,89,82,81,81,85,93,82,83,88,87,76,84,85,82,86,89,77,101,76,84,75,75,82,81,86,86,87,85,87,84,88,81,85,86,84,153,73
SRR4774256,44,34,34,113,80,101,34,113,77,30,28,28,36,33,34,34,36,32,33,33,47,43,32,32,27,41,30,31,33,28,42,57,35,44,31,25,28,40,20,31,76,0,41,28,36,33,35,39,104,45,30,31,31,39,46,33,42,30,29,29,38,33,47,36,33,49,37,32,37,39,35,43,32,33,38,39,26,34,43,50,34,39,27,69,44,44,43,33,32,31,36,52,37,35,37,36,38,33,35,36,34,113,51
SRR5583181,29,37,27,104,85,110,41,124,86,41,47,39,35,46,45,47,45,45,32,40,30,42,43,45,40,26,43,44,38,41,29,60,46,33,44,34,39,43,29,24,73,41,0,47,47,30,44,34,91,30,39,28,34,40,35,44,53,39,34,40,41,36,10,39,44,46,48,45,36,30,44,58,37,40,53,44,39,47,42,43,47,36,40,56,7,39,16,44,43,44,49,31,48,46,46,45,49,36,42,47,49,104,30
SRR6310288,40,22,28,109,78,87,20,99,73,18,12,14,22,19,20,20,22,18,39,19,33,39,18,18,13,27,16,19,27,14,28,43,21,26,17,25,24,26,26,27,78,28,47,0,22,19,21,25,102,33,20,23,27,27,34,19,28,16,27,25,24,21,53,22,19,53,25,14,27,35,21,27,18,19,20,27,12,22,35,36,22,35,13,55,50,30,49,17,18,17,22,56,23,21,23,22,26,19,21,22,20,109,37
SRR6330606,40,34,38,109,78,87,20,99,73,18,22,14,22,21,22,22,24,20,25,21,35,39,18,20,15,27,18,21,29,16,32,43,21,38,19,25,24,26,34,35,86,36,47,22,0,19,21,27,114,35,20,35,27,27,34,19,28,14,27,25,22,21,53,22,19,53,7,26,27,39,21,37,20,19,34,27,14,24,37,36,24,37,15,55,50,30,51,27,18,19,24,56,23,21,25,24,26,19,21,22,24,109,41
SRR7157819,29,19,27,104,73,82,15,96,70,15,19,11,7,18,19,19,19,17,24,16,26,30,15,17,12,20,15,18,18,13,25,32,18,27,16,20,21,21,27,30,73,33,30,19,19,0,16,24,101,24,15,32,16,14,27,16,25,11,24,22,13,10,36,11,16,40,22,23,14,36,16,34,13,14,29,24,11,21,24,33,21,26,12,50,33,19,34,16,15,16,21,43,20,18,20,19,23,10,18,19,21,104,26
SRR7157827,39,31,37,102,71,80,19,92,66,17,21,13,13,20,21,21,23,19,36,20,32,36,17,19,14,26,17,20,28,15,31,36,14,37,18,22,23,25,33,34,85,35,44,21,21,16,0,26,111,34,17,34,26,26,33,18,27,15,26,24,23,20,50,21,18,52,24,25,26,38,20,36,17,12,31,26,13,23,36,35,23,36,14,52,47,29,48,26,17,18,23,55,22,20,24,23,25,16,20,21,23,102,38
SRR7251084,27,37,23,96,83,92,25,104,78,23,25,19,27,24,25,25,27,23,44,24,20,44,23,23,18,14,21,24,24,19,17,48,26,23,22,30,29,31,37,20,71,39,34,25,27,24,26,0,99,12,25,20,32,32,21,24,33,21,32,30,29,26,40,27,24,58,30,29,32,24,26,40,23,24,37,32,17,27,40,23,19,40,18,42,37,35,36,30,23,22,27,43,28,26,20,27,31,24,26,27,27,96,26
SRR7257326,92,90,84,173,160,179,112,191,155,110,104,106,104,107,108,108,110,106,105,107,101,115,110,110,105,97,108,107,105,106,98,123,109,80,109,101,106,118,98,87,138,104,91,102,114,101,111,99,0,95,108,79,97,107,108,111,116,108,105,103,104,105,93,102,111,121,113,94,111,91,109,111,104,111,108,111,104,114,105,106,110,105,105,119,90,106,89,97,106,105,114,98,111,109,115,110,112,109,105,110,108,173,97
SRR7274986,19,29,23,104,87,100,33,112,84,29,33,27,27,24,23,25,27,23,42,32,28,52,31,31,26,22,29,22,24,27,23,40,26,15,30,28,37,39,43,28,69,45,30,33,35,24,34,12,95,0,31,28,24,22,27,32,33,29,38,30,21,26,28,19,32,54,28,29,30,24,26,40,31,32,33,30,25,35,32,23,17,38,26,42,25,25,24,22,23,22,35,35,28,26,28,27,31,32,26,27,27,104,24
SRR7277795,38,30,36,107,74,85,18,97,71,14,20,8,18,19,20,20,22,18,31,19,31,35,16,18,13,25,16,17,25,14,30,41,19,36,17,17,22,24,30,33,82,30,39,20,20,15,17,25,108,31,0,33,25,23,30,17,26,14,23,23,22,17,45,20,17,49,21,24,21,37,19,35,16,17,28,23,12,20,35,34,20,35,13,51,42,28,43,25,16,17,22,52,21,15,23,22,24,15,19,20,22,107,37
SRR7277801,25,31,13,94,81,100,33,112,76,31,25,27,35,32,33,33,35,31,42,28,24,38,31,31,26,18,29,32,40,27,19,56,34,13,30,28,27,39,25,8,73,31,28,23,35,32,34,20,79,28,33,0,30,40,29,32,41,29,26,28,37,34,34,35,32,56,38,19,40,16,34,36,27,32,35,36,25,35,44,31,35,34,26,46,31,39,30,30,31,30,35,37,36,34,36,35,39,32,30,35,33,94,28
SRR7278076,19,23,25,104,73,92,25,104,68,19,27,19,19,18,19,19,21,17,26,26,40,34,23,25,20,32,23,18,26,21,37,32,18,27,24,10,19,31,29,30,83,31,34,27,27,16,26,32,97,24,25,30,0,16,39,24,25,21,22,10,13,16,32,7,24,36,22,23,24,26,18,34,25,24,31,24,19,29,26,33,21,24,20,52,29,19,30,16,15,16,29,35,20,18,30,21,23,18,14,19,21,104,38
SRR7292872,29,21,35,112,79,90,23,104,78,21,27,19,17,18,19,19,21,17,32,26,38,36,23,25,20,30,23,16,26,21,35,32,18,27,24,20,29,29,37,40,81,39,40,27,27,14,26,32,107,22,23,40,16,0,35,24,25,21,32,22,13,18,38,11,24,46,20,23,22,36,12,34,25,24,29,24,19,29,26,33,19,34,20,52,35,19,36,16,15,16,29,45,20,18,30,19,23,22,18,19,21,112,38
SRR7292963,34,44,32,101,86,97,30,111,85,28,34,26,32,33,34,34,34,32,47,31,25,47,30,32,27,17,30,31,41,28,22,55,33,32,31,35,36,36,42,27,78,46,35,34,34,27,33,21,108,27,30,29,39,35,0,31,40,26,39,37,36,33,41,34,31,61,35,38,35,33,31,49,30,29,44,39,26,36,47,30,34,49,27,49,38,42,39,39,30,31,36,48,35,33,35,34,38,27,33,34,36,101,33
SRR7298405,29,31,35,106,75,84,17,96,70,15,19,11,19,18,19,19,21,17,36,18,32,36,15,17,12,24,15,18,26,13,29,40,18,35,16,22,13,23,31,32,83,33,44,19,19,16,18,24,111,32,17,32,24,24,31,0,15,13,16,22,21,18,50,19,8,50,22,23,24,36,18,34,17,16,31,16,11,21,34,23,21,34,12,52,47,27,48,24,15,16,21,43,12,18,22,21,23,16,18,19,21,106,38
SRR7299103,30,32,44,115,84,93,26,105,79,24,28,20,28,19,20,20,22,18,45,27,41,45,24,26,21,33,24,19,35,22,38,41,19,36,25,23,22,32,40,41,92,42,53,28,28,25,27,33,116,33,26,41,25,25,40,15,0,22,25,23,22,27,51,20,17,59,23,24,33,37,19,35,26,25,32,17,20,30,35,10,22,43,21,53,48,28,49,25,16,17,30,30,13,19,31,22,24,25,19,20,22,115,47
SRR7349169,34,28,32,103,72,81,14,93,67,12,16,8,16,15,16,16,16,14,31,13,27,31,12,14,9,19,12,15,23,10,24,37,15,32,13,19,18,20,26,27,80,30,39,16,14,11,15,21,108,29,14,29,21,21,26,13,22,0,21,19,16,15,45,16,13,47,17,20,19,33,13,31,12,11,28,21,8,18,29,30,18,31,9,49,42,24,43,21,12,13,18,48,17,15,17,18,20,11,15,16,18,103,33
SRR7351354,25,35,33,104,71,92,25,104,66,23,27,19,27,26,25,27,29,25,32,22,36,30,23,25,20,28,23,26,32,21,31,48,26,39,24,18,11,31,21,26,87,29,34,27,27,24,26,32,105,38,23,26,22,32,39,16,25,21,0,20,29,24,40,27,16,46,30,27,30,30,26,38,21,24,37,14,19,27,38,33,29,26,20,56,37,29,38,32,23,24,29,37,18,26,30,29,31,24,22,27,29,104,40
SRR7351456,25,29,31,102,71,90,23,102,66,19,25,17,25,16,17,17,19,15,32,24,38,32,21,23,18,30,21,16,32,19,35,38,16,33,22,8,17,29,27,28,89,29,40,25,25,22,24,30,103,30,23,28,10,22,37,22,23,19,20,0,19,14,38,15,22,44,20,21,30,24,16,32,23,22,29,22,17,27,32,31,19,30,18,50,35,25,36,22,13,14,27,41,18,16,28,19,21,20,14,17,19,102,44
SRR7351520,26,20,32,111,80,89,22,101,75,20,24,16,16,15,16,16,18,14,31,23,37,41,20,22,17,29,20,15,23,18,34,29,15,24,21,19,26,28,36,37,80,38,41,24,22,13,23,29,104,21,22,37,13,13,36,21,22,16,29,19,0,15,39,8,21,47,17,20,21,33,15,31,22,21,28,21,16,26,23,30,18,31,17,49,36,16,37,13,12,13,26,42,17,15,27,18,20,21,15,16,18,111,35
SRR7401838,31,25,29,108,77,86,19,98,72,15,21,13,13,20,21,21,23,19,28,20,34,38,17,19,14,26,17,20,18,15,31,34,20,29,18,20,23,25,31,34,75,33,36,21,21,10,20,26,105,26,17,34,16,18,33,18,27,15,24,14,15,0,42,11,18,42,24,25,16,38,20,36,19,18,33,24,13,21,28,35,23,28,14,54,39,21,40,18,17,18,23,45,22,20,24,23,25,16,18,21,23,108,32
SRR7414974,27,35,33,110,91,116,47,130,92,47,53,45,41,44,43,45,43,43,38,46,36,48,49,51,46,32,49,42,44,47,35,58,44,31,50,32,45,49,35,30,79,47,10,53,53,36,50,40,93,28,45,34,32,38,41,50,51,45,40,38,39,42,0,37,50,52,46,43,42,28,42,56,43,46,51,42,45,53,40,41,45,42,46,54,3,37,14,42,41,42,55,29,46,44,52,43,47,42,40,45,47,110,36
SRR7416357,24,18,30,109,78,87,20,99,73,12,22,14,14,13,14,14,16,12,31,21,35,39,18,20,15,27,18,13,21,16,32,27,13,22,19,15,24,26,34,35,78,36,39,22,22,11,21,27,102,19,20,35,7,11,34,19,20,16,27,15,8,11,37,0,19,41,17,18,19,31,13,29,20,19,26,19,14,24,21,28,16,29,15,47,34,14,35,11,10,11,24,40,15,13,25,16,18,15,7,14,16,109,33
SRR7426620,29,31,35,106,75,84,17,96,70,15,19,11,19,18,19,19,21,17,36,18,32,36,15,17,12,24,15,18,26,13,29,40,18,35,16,22,13,23,31,32,83,33,44,19,19,16,18,24,111,32,17,32,24,24,31,8,17,13,16,22,21,18,50,19,0,50,22,23,24,36,18,34,17,16,31,16,11,21,34,25,21,34,12,52,47,27,48,24,15,16,21,45,12,18,22,21,23,16,18,19,21,106,38
SRR7426887,53,49,51,128,91,116,47,130,92,43,53,45,43,52,51,53,53,51,42,52,62,56,49,51,46,56,49,50,46,47,59,66,52,61,50,42,45,55,43,54,99,49,46,53,53,40,52,58,121,54,49,56,36,46,61,50,59,47,46,44,47,42,52,41,50,0,54,55,46,58,52,68,51,48,61,56,45,55,54,67,53,46,46,86,49,49,50,50,49,50,55,63,54,52,54,51,55,42,48,53,55,128,62
SRR7426956,35,29,41,112,79,90,23,102,76,19,25,17,25,16,17,17,19,15,26,24,38,42,21,23,18,30,21,14,32,19,35,38,16,33,22,18,27,29,37,38,89,37,48,25,7,22,24,30,113,28,21,38,22,20,35,22,23,17,30,20,17,24,46,17,22,54,0,21,28,34,16,32,23,22,27,22,17,27,32,31,17,40,18,50,43,25,44,22,13,14,27,51,18,16,28,19,21,22,16,17,19,112,44
SRR7444218,36,14,32,113,80,91,22,103,77,22,16,18,26,15,16,16,16,14,43,19,31,37,22,22,17,27,20,15,31,18,28,39,17,14,21,21,28,30,24,25,82,32,45,14,26,23,25,29,94,29,24,19,23,23,38,23,24,20,27,21,20,25,43,18,23,55,21,0,29,25,17,19,18,21,18,19,16,26,27,32,18,33,17,47,40,20,39,13,14,13,26,48,19,17,25,16,22,21,13,18,16,113,37
SRR7451048,37,31,35,114,79,92,23,104,78,21,27,19,19,26,27,27,25,25,32,24,36,40,23,25,20,30,23,24,24,21,35,40,26,35,24,26,29,31,33,36,81,37,36,27,27,14,26,32,111,30,21,40,24,22,35,24,33,19,30,30,21,16,42,19,24,46,28,29,0,42,24,42,23,20,37,30,19,27,32,41,27,32,20,60,39,11,40,24,23,24,29,49,28,26,26,27,21,20,26,27,29,114,36
SRR7451162,21,35,23,98,83,104,35,116,80,35,35,31,39,28,29,29,29,27,46,32,26,40,35,35,30,22,33,28,44,31,23,52,30,21,34,24,31,43,31,14,81,39,30,35,39,36,38,24,91,24,37,16,26,36,33,36,37,33,30,24,33,38,28,31,36,58,34,25,42,0,30,38,31,34,39,32,29,39,40,27,31,36,30,42,25,33,24,32,27,26,39,33,32,30,38,29,35,34,26,31,25,98,32
SRR7457931,31,25,37,108,77,86,19,98,72,17,21,13,21,12,13,13,13,11,38,18,32,30,17,19,14,24,17,12,28,15,29,34,12,29,18,16,23,25,31,32,85,35,44,21,21,16,20,26,109,26,19,34,18,12,31,18,19,13,26,16,15,20,42,13,18,52,16,17,24,30,0,28,17,16,25,18,13,23,26,27,15,36,14,46,39,21,40,18,9,10,23,45,14,12,22,15,17,16,12,13,15,108,38
SRR7458213,47,27,39,124,93,102,35,114,88,33,19,29,37,26,27,27,29,25,54,30,44,50,33,33,28,38,31,26,42,29,39,50,28,31,32,32,39,41,37,38,93,43,58,27,37,34,36,40,111,40,35,36,34,34,49,34,35,31,38,32,31,36,56,29,34,68,32,19,42,38,28,0,29,34,31,30,27,37,38,43,29,46,28,58,53,33,52,20,25,24,37,59,30,28,38,29,33,34,24,29,27,124,48
SRR7458569,38,24,34,107,76,85,18,97,71,16,18,12,18,17,18,18,18,16,35,9,23,29,16,12,7,19,14,17,25,12,22,41,19,30,15,21,22,24,24,25,82,32,37,18,20,13,17,23,104,31,16,27,25,25,30,17,26,12,21,23,22,19,43,20,17,51,23,18,23,31,17,29,0,15,28,21,8,16,23,34,20,29,9,47,40,24,35,23,16,11,18,48,21,19,19,14,24,13,15,20,20,107,29
SRR7468919,37,31,35,100,67,78,15,90,64,15,19,11,13,18,19,19,17,17,36,16,28,32,15,17,12,22,15,18,26,13,27,34,12,35,16,22,21,23,27,28,83,33,40,19,19,14,12,24,111,32,17,32,24,24,29,16,25,11,24,22,21,18,46,19,16,48,22,21,20,34,16,34,15,0,31,24,11,21,32,33,21,32,12,52,43,25,44,24,15,16,21,51,20,18,18,19,23,12,18,19,21,100,36
SRR7475467,44,24,40,121,86,99,32,111,83,28,24,26,32,23,22,24,26,22,47,31,43,49,30,30,25,39,28,21,39,26,38,47,25,30,29,25,36,38,36,39,88,38,53,20,34,29,31,37,108,33,28,35,31,29,44,31,32,28,37,29,28,33,51,26,31,61,27,18,37,39,25,31,28,31,0,29,24,34,39,40,24,45,25,57,48,32,47,21,22,21,34,60,27,25,35,26,30,29,25,26,24,121,45
SRR7480355,23,27,43,114,81,92,25,104,76,23,27,19,27,18,17,19,21,17,42,22,36,40,23,25,20,28,23,18,32,21,31,40,18,31,24,20,21,31,31,36,87,39,44,27,27,24,26,32,111,30,23,36,24,24,39,16,17,21,14,22,21,24,42,19,16,56,22,19,30,32,18,30,21,24,29,0,19,27,30,25,21,36,20,48,39,21,40,24,15,16,29,39,10,18,30,21,23,24,14,19,21,114,40
SRR7480358,32,24,28,101,70,79,12,91,65,10,12,6,14,11,12,12,14,10,31,9,25,31,10,8,3,19,8,11,19,6,22,35,13,28,9,17,16,18,24,25,76,26,39,12,14,11,13,17,104,25,12,25,19,19,26,11,20,8,19,17,16,13,45,14,11,45,17,16,19,29,13,27,8,11,24,19,0,12,25,28,14,27,1,47,42,22,39,17,10,7,10,48,15,13,15,12,18,11,13,14,14,101,31
SRR7480448,42,34,38,111,80,89,22,101,75,20,22,16,24,21,22,22,24,20,39,19,35,41,20,16,11,29,18,21,27,16,32,45,23,38,19,25,26,28,32,35,84,34,47,22,24,21,23,27,114,35,20,35,29,29,36,21,30,18,27,27,26,21,53,24,21,55,27,26,27,39,23,37,16,21,34,27,12,0,23,38,24,37,13,57,50,32,45,27,20,15,22,56,25,23,25,20,28,21,23,24,24,111,41
SRR7523611,39,21,43,124,93,102,35,114,88,33,35,29,29,26,27,27,27,25,40,26,42,48,33,29,24,36,31,26,28,29,39,42,28,31,32,32,39,41,35,42,85,43,42,35,37,24,36,40,105,32,35,44,26,26,47,34,35,29,38,32,23,28,40,21,34,54,32,27,32,40,26,38,23,32,39,30,25,23,0,43,29,38,26,58,37,25,32,24,25,20,35,43,30,28,36,25,31,32,24,29,29,124,40
SRR7523664,20,40,34,105,92,101,34,113,87,32,36,28,36,27,28,28,30,26,53,35,31,53,32,34,29,23,32,27,43,30,28,49,27,26,33,31,30,40,48,31,82,50,43,36,36,33,35,23,106,23,34,31,33,33,30,23,10,30,33,31,30,35,41,28,25,67,31,32,41,27,27,43,34,33,40,25,28,38,43,0,30,51,29,43,38,36,39,33,24,25,38,20,21,27,39,30,32,33,27,28,30,105,37
SRR7528149,34,26,38,111,78,89,22,101,75,18,22,16,24,13,14,14,16,12,39,21,35,41,20,20,15,29,18,11,21,16,32,37,15,30,19,17,26,28,34,35,86,34,47,22,24,21,23,19,110,17,20,35,21,19,34,21,22,18,29,19,18,23,45,16,21,53,17,18,27,31,15,29,20,21,24,21,14,24,29,30,0,37,15,49,42,24,41,19,12,11,24,50,17,15,17,16,20,21,15,16,16,111,41
SRR7528150,37,35,33,114,79,102,33,114,76,33,35,29,29,34,33,35,35,33,36,30,42,38,33,33,28,38,31,34,34,29,39,50,36,39,32,30,29,41,29,32,89,39,36,35,37,26,36,40,105,38,35,34,24,34,49,34,43,31,26,30,31,28,42,29,34,46,40,33,32,36,36,46,29,32,45,36,27,37,38,51,37,0,28,66,39,29,38,32,33,32,37,49,38,36,36,35,41,32,32,37,37,114,40
SRR7850524,33,25,29,102,71,80,13,92,66,11,13,7,15,12,13,13,15,11,32,10,26,32,11,9,4,20,9,12,20,7,23,36,14,29,10,18,17,19,25,26,77,27,40,13,15,12,14,18,105,26,13,26,20,20,27,12,21,9,20,18,17,14,46,15,12,46,18,17,20,30,14,28,9,12,25,20,1,13,26,29,15,28,0,48,43,23,40,18,11,8,11,49,16,14,16,13,19,12,14,15,15,102,32
SRR7884502,47,53,53,124,111,120,53,132,106,51,55,47,53,46,47,47,49,45,70,50,44,66,51,53,48,38,51,46,62,49,43,68,46,41,52,48,57,59,63,46,101,69,56,55,55,50,52,42,119,42,51,46,52,52,49,52,53,49,56,50,49,54,54,47,52,86,50,47,60,42,46,58,47,52,57,48,47,57,58,43,49,66,48,0,51,51,52,52,43,44,57,59,48,46,58,49,51,50,42,47,49,124,50
SRR7885242,24,32,30,107,88,113,44,127,89,44,50,42,38,41,40,42,40,40,35,43,33,45,46,48,43,29,46,39,41,44,32,55,41,28,47,29,42,46,32,27,76,44,7,50,50,33,47,37,90,25,42,31,29,35,38,47,48,42,37,35,36,39,3,34,47,49,43,40,39,25,39,53,40,43,48,39,42,50,37,38,42,39,43,51,0,34,11,39,38,39,52,26,43,41,49,40,44,39,37,42,44,107,33
SRR7911490,32,22,38,117,82,95,26,107,79,26,30,22,22,21,20,22,22,20,39,25,37,41,26,28,23,31,26,21,29,24,34,35,21,26,27,25,32,34,34,37,84,44,39,30,30,19,29,35,106,25,28,39,19,19,42,27,28,24,29,25,16,21,37,14,27,49,25,20,11,33,21,33,24,25,32,21,22,32,25,36,24,29,23,51,34,0,35,19,18,19,32,44,23,21,31,22,16,25,17,22,24,117,35
SRR7998201,25,31,29,108,89,114,45,128,90,45,49,43,39,40,39,41,39,39,36,40,32,46,47,43,38,30,45,38,40,43,31,56,42,27,46,30,43,53,31,26,75,43,16,49,51,34,48,36,89,24,43,30,30,36,39,48,49,43,38,36,37,40,14,35,48,50,44,39,40,24,40,52,35,44,47,40,39,45,32,39,41,38,40,52,11,35,0,38,39,34,49,27,44,42,48,35,45,40,38,43,43,108,32
SRR8142798,29,13,19,114,83,92,25,104,78,23,13,19,19,16,17,17,19,15,36,24,38,44,23,23,18,32,21,16,24,19,33,32,18,17,22,22,29,31,31,32,75,33,44,17,27,16,26,30,97,22,25,30,16,16,39,24,25,21,32,22,13,18,42,11,24,50,22,13,24,32,18,20,23,24,21,24,17,27,24,33,19,32,18,52,39,19,38,0,15,14,27,45,20,18,28,19,23,24,18,19,17,114,34
SRR8293794,28,22,34,105,74,83,16,95,69,14,18,10,18,9,10,10,12,8,35,17,31,35,14,16,11,23,14,9,25,12,28,31,9,26,15,13,20,22,30,31,82,32,43,18,18,15,17,23,106,23,16,31,15,15,30,15,16,12,23,13,12,17,41,10,15,49,13,14,23,27,9,25,16,15,22,15,10,20,25,24,12,33,11,43,38,18,39,15,0,7,20,44,11,9,21,12,14,15,9,10,12,105,37
SRR8293799,29,21,33,106,75,84,17,96,70,15,17,11,19,8,9,9,11,7,36,14,30,36,15,11,4,24,13,8,24,11,27,32,10,25,14,14,21,23,29,30,81,31,44,17,19,16,18,22,105,22,17,30,16,16,31,16,17,13,24,14,13,18,42,11,16,50,14,13,24,26,10,24,11,16,21,16,7,15,20,25,11,32,8,44,39,19,34,14,7,0,17,45,12,10,20,7,15,16,10,11,11,106,36
SRR8366145,42,34,38,111,80,89,22,101,75,20,22,16,24,21,22,22,24,20,41,19,35,41,20,18,13,29,18,21,29,16,32,45,23,38,19,27,26,28,34,35,86,36,49,22,24,21,23,27,114,35,22,35,29,29,36,21,30,18,29,27,26,23,55,24,21,55,27,26,29,39,23,37,18,21,34,29,10,22,35,38,24,37,11,57,52,32,49,27,20,17,0,58,25,23,25,22,28,21,23,24,24,111,41
SRR8429904,22,42,36,115,102,121,54,133,97,52,56,48,48,47,48,48,48,46,47,49,45,57,52,54,49,37,52,47,47,50,42,61,47,34,53,39,40,60,44,35,86,52,31,56,56,43,55,43,98,35,52,37,35,45,48,43,30,48,37,41,42,45,29,40,45,63,51,48,49,33,45,59,48,51,60,39,48,56,43,20,50,49,49,59,26,44,27,45,44,45,58,0,41,47,57,50,50,51,43,48,50,115,43
SRR8499323,23,27,39,110,79,88,21,100,74,19,23,15,23,14,15,15,17,13,40,22,36,40,19,21,16,28,19,14,30,17,33,36,14,31,20,18,17,27,35,36,87,37,48,23,23,20,22,28,111,28,21,36,20,20,35,12,13,17,18,18,17,22,46,15,12,54,18,19,28,32,14,30,21,20,27,10,15,25,30,21,17,38,16,48,43,23,44,20,11,12,25,41,0,14,26,17,19,20,14,15,17,110,42
SRR8514761,31,25,37,108,77,86,19,98,72,17,21,9,21,12,13,13,15,11,38,20,34,38,17,19,14,26,17,12,28,15,31,34,12,29,18,16,23,25,33,34,85,35,46,21,21,18,20,26,109,26,15,34,18,18,33,18,19,15,26,16,15,20,44,13,18,52,16,17,26,30,12,28,19,18,25,18,13,23,28,27,15,36,14,46,41,21,42,18,9,10,23,47,14,0,24,15,17,18,12,13,15,108,40
SRR8524687,43,35,39,112,79,90,21,102,76,21,23,17,25,22,23,23,21,21,42,20,32,38,21,21,16,28,19,22,22,17,31,46,24,39,20,28,27,29,31,32,87,37,46,23,25,20,24,20,115,28,23,36,30,30,35,22,31,17,30,28,27,24,52,25,22,54,28,25,26,38,22,38,19,18,35,30,15,25,36,39,17,36,16,58,49,31,48,28,21,20,25,57,26,24,0,23,29,18,24,25,25,112,40
SRR8585171,34,24,38,109,76,87,18,101,75,20,22,16,22,13,14,14,14,12,39,19,31,37,20,16,11,27,18,13,29,16,30,37,15,30,19,19,26,26,30,33,84,36,45,22,24,19,23,27,110,27,22,35,21,19,34,21,22,18,29,19,18,23,43,16,21,51,19,16,27,29,15,29,14,19,26,21,12,20,25,30,16,35,13,49,40,22,35,19,12,7,22,50,17,15,23,0,20,17,15,16,16,109,41
SRR8648227,36,28,42,113,82,91,24,103,77,22,26,18,26,17,18,18,20,16,41,25,39,43,22,24,19,31,22,17,31,20,36,39,17,34,23,21,28,30,36,39,88,38,49,26,26,23,25,31,112,31,24,39,23,23,38,23,24,20,31,21,20,25,47,18,23,55,21,22,21,35,17,33,24,23,30,23,18,28,31,32,20,41,19,51,44,16,45,23,14,15,28,50,19,17,29,20,0,23,17,18,20,113,45
SRR8701093,37,27,35,104,71,82,13,96,70,11,19,11,15,18,19,19,17,17,32,16,24,28,15,17,12,20,15,18,26,13,25,40,18,35,16,18,21,21,25,28,81,33,36,19,19,10,16,24,109,32,15,32,18,22,27,16,25,11,24,20,21,16,42,15,16,42,22,21,20,34,16,34,13,12,29,24,11,21,32,33,21,32,12,50,39,25,40,24,15,16,21,51,20,18,18,17,23,0,14,19,21,104,34
SRR8740777,31,21,37,108,77,86,19,98,72,11,21,13,21,12,13,13,15,11,38,16,30,34,17,19,14,22,17,12,28,15,27,34,12,25,18,14,23,25,29,30,85,35,42,21,21,18,20,26,105,26,19,30,14,18,33,18,19,15,22,14,15,18,40,7,18,48,16,13,26,26,12,24,15,18,25,14,13,23,24,27,15,32,14,42,37,17,38,18,9,10,23,43,14,12,24,15,17,14,0,13,15,108,36
SRR9274357,32,26,38,109,78,87,8,99,73,18,22,14,22,13,14,14,16,12,39,21,35,39,18,20,15,27,18,13,29,16,32,35,13,30,19,17,24,26,34,35,86,36,47,22,22,19,21,27,110,27,20,35,19,19,34,19,20,16,27,17,16,21,45,14,19,53,17,18,27,31,13,29,20,19,26,19,14,24,29,28,16,37,15,47,42,22,43,19,10,11,24,48,15,13,25,16,18,19,13,0,16,109,41
SRR9626915,34,24,36,111,80,89,22,101,75,20,20,16,24,13,14,14,16,12,41,21,35,41,20,20,15,29,18,13,29,16,30,37,15,28,19,19,26,28,32,33,84,34,49,20,24,21,23,27,108,27,22,33,21,21,36,21,22,18,29,19,18,23,47,16,21,55,19,16,29,25,15,27,20,21,24,21,14,24,29,30,16,37,15,49,44,24,43,17,12,11,24,50,17,15,25,16,20,21,15,16,0,111,39
W_1_D11,99,119,97,8,93,42,105,126,90,105,109,101,101,108,109,109,111,107,114,108,102,114,105,107,102,94,105,108,116,103,99,120,98,107,106,102,101,111,109,94,153,113,104,109,109,104,102,96,173,104,107,94,104,112,101,106,115,103,104,102,111,108,110,109,106,128,112,113,114,98,108,124,107,100,121,114,101,111,124,105,111,114,102,124,107,117,108,114,105,106,111,115,110,108,112,109,113,104,108,109,111,0,110
W_1_F11,33,35,27,110,95,106,39,118,90,37,37,33,31,38,37,39,39,37,48,32,26,50,37,37,32,22,35,38,38,33,21,54,40,23,36,42,43,45,41,26,73,51,30,37,41,26,38,26,97,24,37,28,38,38,33,38,47,33,40,44,35,32,36,33,38,62,44,37,36,32,38,48,29,36,45,40,31,41,40,37,41,40,32,50,33,35,32,34,37,36,41,43,42,40,40,41,45,34,36,41,39,110,0
